,query_id,0,1,2,3,4
0,01.sql,1,1,1,1,1
1,02.sql,1,1,1,1,1
2,03.sql,1,1,1,1,1
3,04.sql,1,1,1,1,1
4,05.sql,1,1,1,1,1
5,06.sql,1,1,1,1,1
6,07.sql,1,1,1,1,1
7,08.sql,1,1,1,1,1
8,09.sql,1,1,1,1,1
9,10.sql,1,1,1,1,1
10,11.sql,1,1,1,1,1
11,12.sql,1,1,1,1,1
12,13.sql,1,1,1,1,1
13,14.sql,1,1,1,1,1
14,15.sql,1,1,1,1,1
15,16.sql,1,50,100,500,1000
16,17.sql,1,1,1,1,1
17,18.sql,1,1,1,1,1
18,19.sql,1,1,1,1,1
19,20.sql,1,1,1,1,1
20,21.sql,1,1,1,1,1
21,22.sql,1,1,1,1,1
22,23.sql,1,1,1,1,1
23,24.sql,1,1,1,1,1
24,25.sql,1,1,1,1,1
25,26.sql,1,1,1,1,1
26,27.sql,1,1,1,1,1
27,28.sql,1,1,1,1,1
28,29.sql,1,1,1,1,1
29,30.sql,1,1,1,1,1
30,31.sql,1,1,1,1,1
31,32.sql,1,1,1,1,1
32,33.sql,1,1,1,1,1
33,34.sql,1,1,1,1,1
34,35.sql,1,1,1,1,1
35,36.sql,1,1,1,1,1
36,37.sql,1,1,1,1,1
37,38.sql,1,1,1,1,1
38,39.sql,1,1,1,1,1
39,40.sql,1,1,1,1,1
40,41.sql,1,1,1,1,1
41,42.sql,1,1,1,1,1
42,43.sql,1,1,1,1,1
43,44.sql,1,1,1,1,1
44,45.sql,1,1,1,1,1
45,46.sql,1,1,1,1,1
46,47.sql,1,5,10,50,100
47,48.sql,1,1,1,1,1
48,49.sql,1,1,1,1,1
49,50.sql,1,1,1,1,1
50,51.sql,1,1,1,1,1
51,52.sql,1,1,1,1,1
52,53.sql,1,1,1,1,1
53,54.sql,1,1,1,1,1
54,55.sql,1,1,1,1,1
55,56.sql,1,1,1,1,1
56,57.sql,1,1,1,1,1
57,58.sql,1,1,1,1,1
58,59.sql,1,1,1,1,1
59,60.sql,1,1,1,1,1
60,61.sql,1,1,1,1,1
61,62.sql,1,1,1,1,1
62,63.sql,1,1,1,1,1
63,64.sql,1,1,1,1,1
64,65.sql,1,1,1,1,1
65,66.sql,1,1,1,1,1
66,67.sql,1,1,1,1,1
67,68.sql,1,1,1,1,1
68,69.sql,1,1,1,1,1
69,70.sql,1,1,1,1,1
70,71.sql,1,1,1,1,1
71,72.sql,1,1,1,1,1
72,73.sql,1,1,1,1,1
73,74.sql,1,1,1,1,1
74,75.sql,1,1,1,1,1
75,76.sql,1,1,1,1,1
76,77.sql,1,1,1,1,1
77,78.sql,1,1,1,1,1
78,79.sql,1,1,1,1,1
79,80.sql,1,1,1,1,1
80,81.sql,1,1,1,1,1
81,82.sql,1,1,1,1,1
82,83.sql,1,1,1,1,1
83,84.sql,1,1,1,1,1
84,85.sql,1,1,1,1,1
85,86.sql,1,1,1,1,1
86,87.sql,1,1,1,1,1
87,88.sql,1,1,1,1,1
88,89.sql,1,5,10,50,100
89,90.sql,1,1,1,1,1
90,91.sql,1,1,1,1,1
91,92.sql,1,1,1,1,1
92,93.sql,1,1,1,1,1
93,94.sql,1,1,1,1,1
94,95.sql,1,1,1,1,1
95,96.sql,1,1,1,1,1
96,97.sql,1,1,1,1,1
97,98.sql,1,1,1,1,1
98,99.sql,1,1,1,1,1
