query,dataset,runtime
38.sql,tpch,61199
18.sql,tpch,39207
30.sql,tpch,11311
23.sql,tpch,7818
37.sql,tpch,2206
32.sql,tpch,6241
12.sql,tpch,14362
6.sql,tpch,1815
21.sql,tpch,23714
25.sql,tpch,23903
17.sql,tpch,25166
11.sql,tpch,6140
27.sql,tpch,8192
9.sql,tpch,54263
2.sql,tpch,6785
29.sql,tpch,10871
33.sql,tpch,8378
34.sql,tpch,22868
15.sql,tpch,5858
1.sql,tpch,27531
14.sql,tpch,3704
20.sql,tpch,9139
13.sql,tpch,12109
5.sql,tpch,13362
22.sql,tpch,4460
10.sql,tpch,11511
31.sql,tpch,3936
28.sql,tpch,10013
36.sql,tpch,2351
3.sql,tpch,7850
7.sql,tpch,12810
35.sql,tpch,2022
16.sql,tpch,7789
24.sql,tpch,14173
4.sql,tpch,9146
8.sql,tpch,16632
19.sql,tpch,7729
26.sql,tpch,8204
38.sql,tpch,2737
18.sql,tpch,26629
30.sql,tpch,8822
23.sql,tpch,6712
37.sql,tpch,2397
32.sql,tpch,6016
12.sql,tpch,12837
6.sql,tpch,1901
21.sql,tpch,21182
25.sql,tpch,24365
17.sql,tpch,28930
11.sql,tpch,3786
27.sql,tpch,7435
9.sql,tpch,82684
2.sql,tpch,6573
29.sql,tpch,9208
33.sql,tpch,7342
34.sql,tpch,9688
15.sql,tpch,5630
1.sql,tpch,27470
14.sql,tpch,3049
20.sql,tpch,8168
13.sql,tpch,12611
5.sql,tpch,15605
22.sql,tpch,4064
10.sql,tpch,10170
31.sql,tpch,3414
28.sql,tpch,7964
36.sql,tpch,2183
3.sql,tpch,7716
7.sql,tpch,12287
35.sql,tpch,2360
16.sql,tpch,7292
24.sql,tpch,14218
4.sql,tpch,15768
8.sql,tpch,32589
19.sql,tpch,6046
26.sql,tpch,8091
38.sql,tpch,2844
18.sql,tpch,25697
30.sql,tpch,8615
23.sql,tpch,6684
37.sql,tpch,2153
32.sql,tpch,5830
12.sql,tpch,5657
6.sql,tpch,1467
21.sql,tpch,23447
25.sql,tpch,24758
17.sql,tpch,45710
11.sql,tpch,3906
27.sql,tpch,8538
9.sql,tpch,29336
2.sql,tpch,7002
29.sql,tpch,8978
33.sql,tpch,8266
34.sql,tpch,10918
15.sql,tpch,5390
1.sql,tpch,26869
14.sql,tpch,2896
20.sql,tpch,8575
13.sql,tpch,11856
5.sql,tpch,15384
22.sql,tpch,4204
10.sql,tpch,9738
31.sql,tpch,3726
28.sql,tpch,7800
36.sql,tpch,2698
3.sql,tpch,7815
7.sql,tpch,13917
35.sql,tpch,2242
16.sql,tpch,6673
24.sql,tpch,15077
4.sql,tpch,7004
8.sql,tpch,15739
19.sql,tpch,6319
26.sql,tpch,8060
38.sql,tpch,2719
18.sql,tpch,25973
30.sql,tpch,9003
23.sql,tpch,6525
37.sql,tpch,2340
32.sql,tpch,5693
12.sql,tpch,5072
6.sql,tpch,1549
21.sql,tpch,21797
25.sql,tpch,24144
17.sql,tpch,25374
11.sql,tpch,2348
27.sql,tpch,8136
9.sql,tpch,26120
2.sql,tpch,6990
29.sql,tpch,8254
33.sql,tpch,7604
34.sql,tpch,10003
15.sql,tpch,5335
1.sql,tpch,27078
14.sql,tpch,2967
20.sql,tpch,8133
13.sql,tpch,7473
5.sql,tpch,13821
22.sql,tpch,3314
10.sql,tpch,8824
31.sql,tpch,3245
28.sql,tpch,8189
36.sql,tpch,2331
3.sql,tpch,8011
7.sql,tpch,12463
35.sql,tpch,2546
16.sql,tpch,7034
24.sql,tpch,13849
4.sql,tpch,6568
8.sql,tpch,16142
19.sql,tpch,4829
26.sql,tpch,8112
38.sql,tpch,2755
18.sql,tpch,25965
30.sql,tpch,9024
23.sql,tpch,6546
37.sql,tpch,2230
32.sql,tpch,5406
12.sql,tpch,4937
6.sql,tpch,1609
21.sql,tpch,20870
25.sql,tpch,24212
17.sql,tpch,25054
11.sql,tpch,2248
27.sql,tpch,8121
9.sql,tpch,55983
2.sql,tpch,6774
29.sql,tpch,8832
33.sql,tpch,7950
34.sql,tpch,25680
15.sql,tpch,5336
1.sql,tpch,27140
14.sql,tpch,3035
20.sql,tpch,8242
13.sql,tpch,8129
5.sql,tpch,13190
22.sql,tpch,3527
10.sql,tpch,10604
31.sql,tpch,3380
28.sql,tpch,9235
36.sql,tpch,2419
3.sql,tpch,8439
7.sql,tpch,13676
35.sql,tpch,1854
16.sql,tpch,7405
24.sql,tpch,13959
4.sql,tpch,5854
8.sql,tpch,43844
19.sql,tpch,3817
26.sql,tpch,8147
38.sql,tpch,2672
18.sql,tpch,24291
30.sql,tpch,10018
23.sql,tpch,6520
37.sql,tpch,2075
32.sql,tpch,5636
12.sql,tpch,5065
6.sql,tpch,1469
21.sql,tpch,26924
25.sql,tpch,23325
17.sql,tpch,28705
11.sql,tpch,2385
27.sql,tpch,7698
9.sql,tpch,82613
2.sql,tpch,6877
29.sql,tpch,8428
33.sql,tpch,7745
34.sql,tpch,10074
15.sql,tpch,5469
1.sql,tpch,28382
14.sql,tpch,2798
20.sql,tpch,8938
13.sql,tpch,7027
5.sql,tpch,18846
22.sql,tpch,3692
10.sql,tpch,9051
31.sql,tpch,3209
28.sql,tpch,8060
36.sql,tpch,2432
3.sql,tpch,7531
7.sql,tpch,12754
35.sql,tpch,1971
16.sql,tpch,7330
24.sql,tpch,15128
4.sql,tpch,6000
8.sql,tpch,41683
19.sql,tpch,4464
26.sql,tpch,8712
38.sql,tpch,2750
18.sql,tpch,25681
30.sql,tpch,9735
23.sql,tpch,6534
37.sql,tpch,2427
32.sql,tpch,5464
12.sql,tpch,5075
6.sql,tpch,1415
21.sql,tpch,25823
25.sql,tpch,23188
17.sql,tpch,28004
11.sql,tpch,2220
27.sql,tpch,7933
9.sql,tpch,131558
2.sql,tpch,7203
29.sql,tpch,8472
33.sql,tpch,18255
34.sql,tpch,24987
15.sql,tpch,5353
1.sql,tpch,28401
14.sql,tpch,2978
20.sql,tpch,8586
13.sql,tpch,7041
5.sql,tpch,25528
22.sql,tpch,3377
10.sql,tpch,9637
31.sql,tpch,3392
28.sql,tpch,9027
36.sql,tpch,2438
3.sql,tpch,9819
7.sql,tpch,13482
35.sql,tpch,2094
16.sql,tpch,7054
24.sql,tpch,14212
4.sql,tpch,6108
8.sql,tpch,41230
19.sql,tpch,4326
26.sql,tpch,8120
38.sql,tpch,2581
18.sql,tpch,26066
30.sql,tpch,9887
23.sql,tpch,6560
37.sql,tpch,2099
32.sql,tpch,5554
12.sql,tpch,4954
6.sql,tpch,1598
21.sql,tpch,25685
25.sql,tpch,24851
17.sql,tpch,29124
11.sql,tpch,2209
27.sql,tpch,7616
9.sql,tpch,120490
2.sql,tpch,6930
29.sql,tpch,8822
33.sql,tpch,17273
34.sql,tpch,23382
15.sql,tpch,9847
1.sql,tpch,29005
14.sql,tpch,3571
20.sql,tpch,9008
13.sql,tpch,8463
5.sql,tpch,12225
22.sql,tpch,4324
10.sql,tpch,9781
31.sql,tpch,3363
28.sql,tpch,8534
36.sql,tpch,3132
3.sql,tpch,8232
7.sql,tpch,17907
35.sql,tpch,2114
16.sql,tpch,6771
24.sql,tpch,14525
4.sql,tpch,5814
8.sql,tpch,16056
19.sql,tpch,4417
26.sql,tpch,8766
38.sql,tpch,3248
18.sql,tpch,26718
30.sql,tpch,9743
23.sql,tpch,6624
37.sql,tpch,2127
32.sql,tpch,5784
12.sql,tpch,5070
6.sql,tpch,1568
21.sql,tpch,22206
25.sql,tpch,24457
17.sql,tpch,25812
11.sql,tpch,2477
27.sql,tpch,7698
9.sql,tpch,57864
2.sql,tpch,6616
29.sql,tpch,8958
33.sql,tpch,11435
34.sql,tpch,10260
15.sql,tpch,5944
1.sql,tpch,27996
14.sql,tpch,2855
20.sql,tpch,8699
13.sql,tpch,8108
5.sql,tpch,16318
22.sql,tpch,3774
10.sql,tpch,9489
31.sql,tpch,3512
28.sql,tpch,8127
36.sql,tpch,2417
3.sql,tpch,9537
7.sql,tpch,26333
35.sql,tpch,2569
16.sql,tpch,7316
24.sql,tpch,14694
4.sql,tpch,5870
8.sql,tpch,37074
19.sql,tpch,5189
26.sql,tpch,8638
query64.sql,tpcds,112242
query85.sql,tpcds,15665
query17.sql,tpcds,15561
query131.sql,tpcds,1720
query112.sql,tpcds,4944
query39.sql,tpcds,-1
query58.sql,tpcds,14093
query36.sql,tpcds,8162
query121.sql,tpcds,2161
query115.sql,tpcds,2165
query20.sql,tpcds,1666
query22.sql,tpcds,4463
query24.sql,tpcds,-1
query49.sql,tpcds,24210
query83.sql,tpcds,3225
query71.sql,tpcds,2457
query108.sql,tpcds,938
query11.sql,tpcds,24527
query125.sql,tpcds,1835
query5.sql,tpcds,8271
query116.sql,tpcds,2246
query6.sql,tpcds,5839
query92.sql,tpcds,1887
query104.sql,tpcds,953
query88.sql,tpcds,5725
query65.sql,tpcds,6096
query52.sql,tpcds,1024
query130.sql,tpcds,1930
query31.sql,tpcds,8740
query114.sql,tpcds,2437
query54.sql,tpcds,5864
query76.sql,tpcds,2911
query72.sql,tpcds,30579
query18.sql,tpcds,6019
query35.sql,tpcds,6259
query100.sql,tpcds,1222
query95.sql,tpcds,12518
query90.sql,tpcds,1568
query7.sql,tpcds,8928
query37.sql,tpcds,2383
query21.sql,tpcds,1899
query93.sql,tpcds,10157
query129.sql,tpcds,1878
query109.sql,tpcds,2005
query126.sql,tpcds,1718
query29.sql,tpcds,15594
query67.sql,tpcds,-1
query50.sql,tpcds,6480
query23.sql,tpcds,-1
query87.sql,tpcds,10646
query10.sql,tpcds,5136
query118.sql,tpcds,2274
query82.sql,tpcds,3352
query117.sql,tpcds,2828
query120.sql,tpcds,1805
query98.sql,tpcds,2021
query122.sql,tpcds,2179
query33.sql,tpcds,3423
query94.sql,tpcds,4858
query9.sql,tpcds,6659
query14.sql,tpcds,-1
query101.sql,tpcds,838
query42.sql,tpcds,946
query70.sql,tpcds,2890
query73.sql,tpcds,2203
query16.sql,tpcds,9131
query26.sql,tpcds,3681
query32.sql,tpcds,1875
query123.sql,tpcds,2397
query43.sql,tpcds,1571
query99.sql,tpcds,2362
query34.sql,tpcds,1601
query86.sql,tpcds,1531
query25.sql,tpcds,13013
query66.sql,tpcds,5046
query128.sql,tpcds,1803
query102.sql,tpcds,1115
query59.sql,tpcds,4332
query107.sql,tpcds,1263
query12.sql,tpcds,1724
query69.sql,tpcds,3785
query124.sql,tpcds,1948
query113.sql,tpcds,1913
query27.sql,tpcds,3216
query38.sql,tpcds,9204
query77.sql,tpcds,26877
query103.sql,tpcds,982
query19.sql,tpcds,2322
query81.sql,tpcds,3189
query13.sql,tpcds,3978
query48.sql,tpcds,3266
query4.sql,tpcds,43289
query63.sql,tpcds,2109
query91.sql,tpcds,1533
query28.sql,tpcds,13655
query68.sql,tpcds,5608
query55.sql,tpcds,1428
query41.sql,tpcds,1247
query61.sql,tpcds,1755
query47.sql,tpcds,16322
query56.sql,tpcds,3608
query51.sql,tpcds,11938
query96.sql,tpcds,881
query3.sql,tpcds,1117
query84.sql,tpcds,2303
query45.sql,tpcds,1901
query60.sql,tpcds,3693
query89.sql,tpcds,2004
query8.sql,tpcds,2537
query2.sql,tpcds,3460
query30.sql,tpcds,-1
query97.sql,tpcds,6145
query75.sql,tpcds,20468
query80.sql,tpcds,20357
query111.sql,tpcds,2097
query15.sql,tpcds,2835
query106.sql,tpcds,1525
query79.sql,tpcds,1916
query40.sql,tpcds,5301
query57.sql,tpcds,10044
query110.sql,tpcds,1491
query78.sql,tpcds,24517
query62.sql,tpcds,2432
query127.sql,tpcds,2090
query105.sql,tpcds,1096
query44.sql,tpcds,3964
query1.sql,tpcds,3390
query74.sql,tpcds,27296
query53.sql,tpcds,2225
query46.sql,tpcds,2483
query119.sql,tpcds,2755
query64.sql,tpcds,132993
query85.sql,tpcds,4598
query17.sql,tpcds,23372
query131.sql,tpcds,1691
query112.sql,tpcds,2113
query39.sql,tpcds,-1
query58.sql,tpcds,4185
query36.sql,tpcds,2856
query121.sql,tpcds,2631
query115.sql,tpcds,2748
query20.sql,tpcds,1749
query22.sql,tpcds,2968
query24.sql,tpcds,-1
query49.sql,tpcds,8717
query83.sql,tpcds,4376
query71.sql,tpcds,3340
query108.sql,tpcds,1093
query11.sql,tpcds,27782
query125.sql,tpcds,1648
query5.sql,tpcds,7669
query116.sql,tpcds,2200
query6.sql,tpcds,5936
query92.sql,tpcds,1636
query104.sql,tpcds,991
query88.sql,tpcds,6516
query65.sql,tpcds,5688
query52.sql,tpcds,896
query130.sql,tpcds,1788
query31.sql,tpcds,8237
query114.sql,tpcds,1932
query54.sql,tpcds,5714
query76.sql,tpcds,2767
query72.sql,tpcds,26233
query18.sql,tpcds,3299
query35.sql,tpcds,6497
query100.sql,tpcds,1124
query95.sql,tpcds,13080
query90.sql,tpcds,1753
query7.sql,tpcds,3352
query37.sql,tpcds,1856
query21.sql,tpcds,1750
query93.sql,tpcds,9863
query129.sql,tpcds,1650
query109.sql,tpcds,1367
query126.sql,tpcds,4976
query29.sql,tpcds,13257
query67.sql,tpcds,-1
query50.sql,tpcds,10284
query23.sql,tpcds,-1
query87.sql,tpcds,10480
query10.sql,tpcds,4695
query118.sql,tpcds,2403
query82.sql,tpcds,2555
query117.sql,tpcds,2047
query120.sql,tpcds,1773
query98.sql,tpcds,1803
query122.sql,tpcds,2110
query33.sql,tpcds,4144
query94.sql,tpcds,5401
query9.sql,tpcds,5739
query14.sql,tpcds,-1
query101.sql,tpcds,874
query42.sql,tpcds,915
query70.sql,tpcds,3031
query73.sql,tpcds,2307
query16.sql,tpcds,8312
query26.sql,tpcds,1875
query32.sql,tpcds,1526
query123.sql,tpcds,2071
query43.sql,tpcds,1417
query99.sql,tpcds,2163
query34.sql,tpcds,2860
query86.sql,tpcds,1311
query25.sql,tpcds,13502
query66.sql,tpcds,6514
query128.sql,tpcds,1406
query102.sql,tpcds,752
query59.sql,tpcds,4174
query107.sql,tpcds,1064
query12.sql,tpcds,2152
query69.sql,tpcds,3459
query124.sql,tpcds,1627
query113.sql,tpcds,2252
query27.sql,tpcds,2667
query38.sql,tpcds,12778
query77.sql,tpcds,26529
query103.sql,tpcds,896
query19.sql,tpcds,2919
query81.sql,tpcds,3237
query13.sql,tpcds,2330
query48.sql,tpcds,2914
query4.sql,tpcds,44704
query63.sql,tpcds,1863
query91.sql,tpcds,1508
query28.sql,tpcds,9180
query68.sql,tpcds,6703
query55.sql,tpcds,1440
query41.sql,tpcds,850
query61.sql,tpcds,2201
query47.sql,tpcds,19995
query56.sql,tpcds,4413
query51.sql,tpcds,12981
query96.sql,tpcds,994
query3.sql,tpcds,989
query84.sql,tpcds,2970
query45.sql,tpcds,2463
query60.sql,tpcds,3984
query89.sql,tpcds,2124
query8.sql,tpcds,2116
query2.sql,tpcds,3732
query30.sql,tpcds,-1
query97.sql,tpcds,5293
query75.sql,tpcds,20967
query80.sql,tpcds,18465
query111.sql,tpcds,1707
query15.sql,tpcds,2548
query106.sql,tpcds,1119
query79.sql,tpcds,1937
query40.sql,tpcds,4684
query57.sql,tpcds,9677
query110.sql,tpcds,1950
query78.sql,tpcds,25004
query62.sql,tpcds,2257
query127.sql,tpcds,1957
query105.sql,tpcds,763
query44.sql,tpcds,2854
query1.sql,tpcds,3573
query74.sql,tpcds,23025
query53.sql,tpcds,1784
query46.sql,tpcds,2625
query119.sql,tpcds,3028
query64.sql,tpcds,75889
query85.sql,tpcds,3940
query17.sql,tpcds,17809
query131.sql,tpcds,1905
query112.sql,tpcds,2046
query39.sql,tpcds,-1
query58.sql,tpcds,3467
query36.sql,tpcds,2593
query121.sql,tpcds,2046
query115.sql,tpcds,2300
query20.sql,tpcds,1271
query22.sql,tpcds,3238
query24.sql,tpcds,-1
query49.sql,tpcds,7530
query83.sql,tpcds,3360
query71.sql,tpcds,3042
query108.sql,tpcds,1293
query11.sql,tpcds,24856
query125.sql,tpcds,1662
query5.sql,tpcds,7436
query116.sql,tpcds,1772
query6.sql,tpcds,6092
query92.sql,tpcds,1634
query104.sql,tpcds,843
query88.sql,tpcds,5819
query65.sql,tpcds,5510
query52.sql,tpcds,1187
query130.sql,tpcds,1869
query31.sql,tpcds,7256
query114.sql,tpcds,1929
query54.sql,tpcds,5475
query76.sql,tpcds,3133
query72.sql,tpcds,25769
query18.sql,tpcds,3932
query35.sql,tpcds,6222
query100.sql,tpcds,853
query95.sql,tpcds,11690
query90.sql,tpcds,1760
query7.sql,tpcds,4127
query37.sql,tpcds,1633
query21.sql,tpcds,1594
query93.sql,tpcds,9940
query129.sql,tpcds,1954
query109.sql,tpcds,1605
query126.sql,tpcds,1800
query29.sql,tpcds,15201
query67.sql,tpcds,-1
query50.sql,tpcds,7389
query23.sql,tpcds,-1
query87.sql,tpcds,9674
query10.sql,tpcds,4800
query118.sql,tpcds,3286
query82.sql,tpcds,2620
query117.sql,tpcds,2354
query120.sql,tpcds,1984
query98.sql,tpcds,2158
query122.sql,tpcds,2532
query33.sql,tpcds,2840
query94.sql,tpcds,4966
query9.sql,tpcds,5602
query14.sql,tpcds,-1
query101.sql,tpcds,909
query42.sql,tpcds,1059
query70.sql,tpcds,2498
query73.sql,tpcds,1518
query16.sql,tpcds,8743
query26.sql,tpcds,2552
query32.sql,tpcds,1321
query123.sql,tpcds,2216
query43.sql,tpcds,1834
query99.sql,tpcds,1953
query34.sql,tpcds,2689
query86.sql,tpcds,1691
query25.sql,tpcds,12775
query66.sql,tpcds,5387
query128.sql,tpcds,1512
query102.sql,tpcds,736
query59.sql,tpcds,3585
query107.sql,tpcds,850
query12.sql,tpcds,2117
query69.sql,tpcds,3508
query124.sql,tpcds,1505
query113.sql,tpcds,2238
query27.sql,tpcds,2636
query38.sql,tpcds,9460
query77.sql,tpcds,26522
query103.sql,tpcds,945
query19.sql,tpcds,1805
query81.sql,tpcds,3391
query13.sql,tpcds,3141
query48.sql,tpcds,3813
query4.sql,tpcds,45571
query63.sql,tpcds,2545
query91.sql,tpcds,1779
query28.sql,tpcds,8667
query68.sql,tpcds,6734
query55.sql,tpcds,2014
query41.sql,tpcds,862
query61.sql,tpcds,1780
query47.sql,tpcds,17953
query56.sql,tpcds,4081
query51.sql,tpcds,11283
query96.sql,tpcds,991
query3.sql,tpcds,1262
query84.sql,tpcds,2238
query45.sql,tpcds,2179
query60.sql,tpcds,4788
query89.sql,tpcds,2333
query8.sql,tpcds,2142
query2.sql,tpcds,3711
query30.sql,tpcds,-1
query97.sql,tpcds,5552
query75.sql,tpcds,22415
query80.sql,tpcds,23449
query111.sql,tpcds,2043
query15.sql,tpcds,3418
query106.sql,tpcds,1286
query79.sql,tpcds,2970
query40.sql,tpcds,5768
query57.sql,tpcds,8729
query110.sql,tpcds,1453
query78.sql,tpcds,24200
query62.sql,tpcds,1694
query127.sql,tpcds,2687
query105.sql,tpcds,1122
query44.sql,tpcds,2961
query1.sql,tpcds,3867
query74.sql,tpcds,24736
query53.sql,tpcds,2043
query46.sql,tpcds,3009
query119.sql,tpcds,3666
query64.sql,tpcds,107697
query85.sql,tpcds,5173
query17.sql,tpcds,27915
query131.sql,tpcds,1752
query112.sql,tpcds,1701
query39.sql,tpcds,-1
query58.sql,tpcds,3825
query36.sql,tpcds,1980
query121.sql,tpcds,2151
query115.sql,tpcds,2269
query20.sql,tpcds,1485
query22.sql,tpcds,3539
query24.sql,tpcds,-1
query49.sql,tpcds,8921
query83.sql,tpcds,3090
query71.sql,tpcds,3087
query108.sql,tpcds,2020
query11.sql,tpcds,51238
query125.sql,tpcds,1612
query5.sql,tpcds,6950
query116.sql,tpcds,2279
query6.sql,tpcds,6036
query92.sql,tpcds,2051
query104.sql,tpcds,1095
query88.sql,tpcds,6252
query65.sql,tpcds,5475
query52.sql,tpcds,1197
query130.sql,tpcds,1818
query31.sql,tpcds,10152
query114.sql,tpcds,2665
query54.sql,tpcds,5788
query76.sql,tpcds,3202
query72.sql,tpcds,26156
query18.sql,tpcds,3508
query35.sql,tpcds,6003
query100.sql,tpcds,860
query95.sql,tpcds,11101
query90.sql,tpcds,2361
query7.sql,tpcds,3584
query37.sql,tpcds,1897
query21.sql,tpcds,1982
query93.sql,tpcds,10227
query129.sql,tpcds,1334
query109.sql,tpcds,2431
query126.sql,tpcds,1693
query29.sql,tpcds,19043
query67.sql,tpcds,-1
query50.sql,tpcds,11418
query23.sql,tpcds,-1
query87.sql,tpcds,10553
query10.sql,tpcds,5303
query118.sql,tpcds,2668
query82.sql,tpcds,2615
query117.sql,tpcds,2809
query120.sql,tpcds,1666
query98.sql,tpcds,1555
query122.sql,tpcds,1835
query33.sql,tpcds,2809
query94.sql,tpcds,4705
query9.sql,tpcds,5961
query14.sql,tpcds,-1
query101.sql,tpcds,1368
query42.sql,tpcds,1125
query70.sql,tpcds,2736
query73.sql,tpcds,2561
query16.sql,tpcds,9192
query26.sql,tpcds,3031
query32.sql,tpcds,1426
query123.sql,tpcds,2255
query43.sql,tpcds,1792
query99.sql,tpcds,1999
query34.sql,tpcds,2450
query86.sql,tpcds,1705
query25.sql,tpcds,13580
query66.sql,tpcds,5406
query128.sql,tpcds,1644
query102.sql,tpcds,950
query59.sql,tpcds,3951
query107.sql,tpcds,1288
query12.sql,tpcds,1865
query69.sql,tpcds,3986
query124.sql,tpcds,1522
query113.sql,tpcds,2444
query27.sql,tpcds,2166
query38.sql,tpcds,12671
query77.sql,tpcds,26540
query103.sql,tpcds,794
query19.sql,tpcds,2082
query81.sql,tpcds,3659
query13.sql,tpcds,2158
query48.sql,tpcds,2752
query4.sql,tpcds,46816
query63.sql,tpcds,1603
query91.sql,tpcds,1662
query28.sql,tpcds,9488
query68.sql,tpcds,7132
query55.sql,tpcds,1710
query41.sql,tpcds,903
query61.sql,tpcds,1779
query47.sql,tpcds,17611
query56.sql,tpcds,3803
query51.sql,tpcds,11646
query96.sql,tpcds,697
query3.sql,tpcds,998
query84.sql,tpcds,2093
query45.sql,tpcds,2246
query60.sql,tpcds,3798
query89.sql,tpcds,1852
query8.sql,tpcds,2014
query2.sql,tpcds,3840
query30.sql,tpcds,-1
query97.sql,tpcds,5909
query75.sql,tpcds,21491
query80.sql,tpcds,25084
query111.sql,tpcds,1754
query15.sql,tpcds,2260
query106.sql,tpcds,1854
query79.sql,tpcds,2499
query40.sql,tpcds,31375
query57.sql,tpcds,9168
query110.sql,tpcds,1804
query78.sql,tpcds,24837
query62.sql,tpcds,2378
query127.sql,tpcds,1832
query105.sql,tpcds,1691
query44.sql,tpcds,2966
query1.sql,tpcds,3378
query74.sql,tpcds,24482
query53.sql,tpcds,1939
query46.sql,tpcds,2480
query119.sql,tpcds,2427
query64.sql,tpcds,66659
query85.sql,tpcds,4009
query17.sql,tpcds,13387
query131.sql,tpcds,2094
query112.sql,tpcds,2202
query39.sql,tpcds,-1
query58.sql,tpcds,4237
query36.sql,tpcds,1857
query121.sql,tpcds,1821
query115.sql,tpcds,2294
query20.sql,tpcds,1184
query22.sql,tpcds,3138
query24.sql,tpcds,-1
query49.sql,tpcds,7928
query83.sql,tpcds,2858
query71.sql,tpcds,2121
query108.sql,tpcds,1834
query11.sql,tpcds,25420
query125.sql,tpcds,1781
query5.sql,tpcds,6956
query116.sql,tpcds,2082
query6.sql,tpcds,6632
query92.sql,tpcds,1978
query104.sql,tpcds,1583
query88.sql,tpcds,6153
query65.sql,tpcds,5864
query52.sql,tpcds,1025
query130.sql,tpcds,1694
query31.sql,tpcds,8250
query114.sql,tpcds,2176
query54.sql,tpcds,5534
query76.sql,tpcds,2745
query72.sql,tpcds,26400
query18.sql,tpcds,3131
query35.sql,tpcds,6147
query100.sql,tpcds,1073
query95.sql,tpcds,10686
query90.sql,tpcds,1378
query7.sql,tpcds,3845
query37.sql,tpcds,2109
query21.sql,tpcds,1823
query93.sql,tpcds,9712
query129.sql,tpcds,2112
query109.sql,tpcds,1665
query126.sql,tpcds,1698
query29.sql,tpcds,13440
query67.sql,tpcds,-1
query50.sql,tpcds,6895
query23.sql,tpcds,-1
query87.sql,tpcds,9328
query10.sql,tpcds,5159
query118.sql,tpcds,2836
query82.sql,tpcds,3600
query117.sql,tpcds,2251
query120.sql,tpcds,2012
query98.sql,tpcds,1773
query122.sql,tpcds,1944
query33.sql,tpcds,5038
query94.sql,tpcds,5150
query9.sql,tpcds,5768
query14.sql,tpcds,-1
query101.sql,tpcds,755
query42.sql,tpcds,962
query70.sql,tpcds,3253
query73.sql,tpcds,2016
query16.sql,tpcds,8489
query26.sql,tpcds,2322
query32.sql,tpcds,1596
query123.sql,tpcds,2006
query43.sql,tpcds,1563
query99.sql,tpcds,2611
query34.sql,tpcds,2257
query86.sql,tpcds,1816
query25.sql,tpcds,13774
query66.sql,tpcds,4279
query128.sql,tpcds,1531
query102.sql,tpcds,806
query59.sql,tpcds,4141
query107.sql,tpcds,1067
query12.sql,tpcds,1591
query69.sql,tpcds,3538
query124.sql,tpcds,1526
query113.sql,tpcds,2345
query27.sql,tpcds,2175
query38.sql,tpcds,9175
query77.sql,tpcds,27092
query103.sql,tpcds,1185
query19.sql,tpcds,2826
query81.sql,tpcds,5210
query13.sql,tpcds,3564
query48.sql,tpcds,3234
query4.sql,tpcds,45232
query63.sql,tpcds,1842
query91.sql,tpcds,1453
query28.sql,tpcds,8270
query68.sql,tpcds,6732
query55.sql,tpcds,970
query41.sql,tpcds,530
query61.sql,tpcds,1659
query47.sql,tpcds,15453
query56.sql,tpcds,3994
query51.sql,tpcds,14383
query96.sql,tpcds,919
query3.sql,tpcds,1200
query84.sql,tpcds,2290
query45.sql,tpcds,2069
query60.sql,tpcds,4148
query89.sql,tpcds,1888
query8.sql,tpcds,2371
query2.sql,tpcds,3263
query30.sql,tpcds,-1
query97.sql,tpcds,5619
query75.sql,tpcds,22662
query80.sql,tpcds,20094
query111.sql,tpcds,1531
query15.sql,tpcds,2954
query106.sql,tpcds,1262
query79.sql,tpcds,2707
query40.sql,tpcds,5568
query57.sql,tpcds,9390
query110.sql,tpcds,1779
query78.sql,tpcds,23504
query62.sql,tpcds,1658
query127.sql,tpcds,2331
query105.sql,tpcds,733
query44.sql,tpcds,2459
query1.sql,tpcds,3386
query74.sql,tpcds,26685
query53.sql,tpcds,1679
query46.sql,tpcds,2338
query119.sql,tpcds,2436
query64.sql,tpcds,78307
query85.sql,tpcds,4306
query17.sql,tpcds,14340
query131.sql,tpcds,1640
query112.sql,tpcds,2171
query39.sql,tpcds,-1
query58.sql,tpcds,4367
query36.sql,tpcds,2283
query121.sql,tpcds,2149
query115.sql,tpcds,2462
query20.sql,tpcds,1686
query22.sql,tpcds,3683
query24.sql,tpcds,-1
query49.sql,tpcds,8198
query83.sql,tpcds,2842
query71.sql,tpcds,2845
query108.sql,tpcds,1988
query11.sql,tpcds,27357
query125.sql,tpcds,1742
query5.sql,tpcds,6138
query116.sql,tpcds,1940
query6.sql,tpcds,6200
query92.sql,tpcds,1783
query104.sql,tpcds,755
query88.sql,tpcds,5751
query65.sql,tpcds,5194
query52.sql,tpcds,1705
query130.sql,tpcds,1655
query31.sql,tpcds,8357
query114.sql,tpcds,2264
query54.sql,tpcds,5866
query76.sql,tpcds,3146
query72.sql,tpcds,26556
query18.sql,tpcds,3633
query35.sql,tpcds,8298
query100.sql,tpcds,848
query95.sql,tpcds,11402
query90.sql,tpcds,2095
query7.sql,tpcds,3878
query37.sql,tpcds,1663
query21.sql,tpcds,1868
query93.sql,tpcds,11708
query129.sql,tpcds,1531
query109.sql,tpcds,1720
query126.sql,tpcds,1635
query29.sql,tpcds,12973
query67.sql,tpcds,-1
query50.sql,tpcds,6807
query23.sql,tpcds,-1
query87.sql,tpcds,9500
query10.sql,tpcds,4965
query118.sql,tpcds,2486
query82.sql,tpcds,3250
query117.sql,tpcds,1760
query120.sql,tpcds,2201
query98.sql,tpcds,1558
query122.sql,tpcds,1806
query33.sql,tpcds,3587
query94.sql,tpcds,4914
query9.sql,tpcds,5935
query14.sql,tpcds,-1
query101.sql,tpcds,883
query42.sql,tpcds,963
query70.sql,tpcds,2624
query73.sql,tpcds,2609
query16.sql,tpcds,8371
query26.sql,tpcds,2290
query32.sql,tpcds,1699
query123.sql,tpcds,2131
query43.sql,tpcds,1547
query99.sql,tpcds,2658
query34.sql,tpcds,2676
query86.sql,tpcds,1528
query25.sql,tpcds,13466
query66.sql,tpcds,4896
query128.sql,tpcds,1574
query102.sql,tpcds,1476
query59.sql,tpcds,3981
query107.sql,tpcds,1025
query12.sql,tpcds,1763
query69.sql,tpcds,3578
query124.sql,tpcds,1493
query113.sql,tpcds,1620
query27.sql,tpcds,2262
query38.sql,tpcds,9432
query77.sql,tpcds,28747
query103.sql,tpcds,902
query19.sql,tpcds,1949
query81.sql,tpcds,3873
query13.sql,tpcds,3334
query48.sql,tpcds,2876
query4.sql,tpcds,46154
query63.sql,tpcds,2146
query91.sql,tpcds,1600
query28.sql,tpcds,9215
query68.sql,tpcds,5011
query55.sql,tpcds,1676
query41.sql,tpcds,783
query61.sql,tpcds,1757
query47.sql,tpcds,15945
query56.sql,tpcds,4095
query51.sql,tpcds,11624
query96.sql,tpcds,888
query3.sql,tpcds,1208
query84.sql,tpcds,2376
query45.sql,tpcds,1766
query60.sql,tpcds,4281
query89.sql,tpcds,1958
query8.sql,tpcds,2419
query2.sql,tpcds,3550
query30.sql,tpcds,-1
query97.sql,tpcds,5345
query75.sql,tpcds,23520
query80.sql,tpcds,23763
query111.sql,tpcds,1707
query15.sql,tpcds,2988
query106.sql,tpcds,1564
query79.sql,tpcds,2405
query40.sql,tpcds,7035
query57.sql,tpcds,9699
query110.sql,tpcds,1967
query78.sql,tpcds,23856
query62.sql,tpcds,2610
query127.sql,tpcds,2116
query105.sql,tpcds,1514
query44.sql,tpcds,3886
query1.sql,tpcds,4029
query74.sql,tpcds,44156
query53.sql,tpcds,2755
query46.sql,tpcds,2507
query119.sql,tpcds,2711
query64.sql,tpcds,83313
query85.sql,tpcds,4756
query17.sql,tpcds,19797
query131.sql,tpcds,1977
query112.sql,tpcds,2607
query39.sql,tpcds,-1
query58.sql,tpcds,3583
query36.sql,tpcds,2127
query121.sql,tpcds,2299
query115.sql,tpcds,2463
query20.sql,tpcds,1465
query22.sql,tpcds,3411
query24.sql,tpcds,-1
query49.sql,tpcds,7994
query83.sql,tpcds,3311
query71.sql,tpcds,3607
query108.sql,tpcds,1797
query11.sql,tpcds,30070
query125.sql,tpcds,1565
query5.sql,tpcds,7441
query116.sql,tpcds,2423
query6.sql,tpcds,6209
query92.sql,tpcds,1774
query104.sql,tpcds,858
query88.sql,tpcds,5874
query65.sql,tpcds,5448
query52.sql,tpcds,842
query130.sql,tpcds,1688
query31.sql,tpcds,8892
query114.sql,tpcds,2166
query54.sql,tpcds,5484
query76.sql,tpcds,2840
query72.sql,tpcds,25957
query18.sql,tpcds,2978
query35.sql,tpcds,7013
query100.sql,tpcds,856
query95.sql,tpcds,11762
query90.sql,tpcds,1627
query7.sql,tpcds,3785
query37.sql,tpcds,2029
query21.sql,tpcds,1591
query93.sql,tpcds,12040
query129.sql,tpcds,1891
query109.sql,tpcds,1363
query126.sql,tpcds,1864
query29.sql,tpcds,13527
query67.sql,tpcds,-1
query50.sql,tpcds,6425
query23.sql,tpcds,-1
query87.sql,tpcds,9657
query10.sql,tpcds,4975
query118.sql,tpcds,2855
query82.sql,tpcds,2725
query117.sql,tpcds,2066
query120.sql,tpcds,1804
query98.sql,tpcds,1601
query122.sql,tpcds,1848
query33.sql,tpcds,3621
query94.sql,tpcds,4809
query9.sql,tpcds,5487
query14.sql,tpcds,-1
query101.sql,tpcds,972
query42.sql,tpcds,894
query70.sql,tpcds,2661
query73.sql,tpcds,1486
query16.sql,tpcds,8507
query26.sql,tpcds,2699
query32.sql,tpcds,1392
query123.sql,tpcds,2084
query43.sql,tpcds,1868
query99.sql,tpcds,2127
query34.sql,tpcds,3016
query86.sql,tpcds,1774
query25.sql,tpcds,13171
query66.sql,tpcds,4614
query128.sql,tpcds,2143
query102.sql,tpcds,1099
query59.sql,tpcds,3796
query107.sql,tpcds,725
query12.sql,tpcds,1799
query69.sql,tpcds,3532
query124.sql,tpcds,1518
query113.sql,tpcds,1815
query27.sql,tpcds,2773
query38.sql,tpcds,9138
query77.sql,tpcds,27638
query103.sql,tpcds,1201
query19.sql,tpcds,4519
query81.sql,tpcds,6056
query13.sql,tpcds,2188
query48.sql,tpcds,3030
query4.sql,tpcds,45701
query63.sql,tpcds,1759
query91.sql,tpcds,1294
query28.sql,tpcds,9521
query68.sql,tpcds,6666
query55.sql,tpcds,1228
query41.sql,tpcds,539
query61.sql,tpcds,1654
query47.sql,tpcds,15331
query56.sql,tpcds,4201
query51.sql,tpcds,13343
query96.sql,tpcds,990
query3.sql,tpcds,865
query84.sql,tpcds,2112
query45.sql,tpcds,2353
query60.sql,tpcds,3988
query89.sql,tpcds,1719
query8.sql,tpcds,2648
query2.sql,tpcds,3444
query30.sql,tpcds,-1
query97.sql,tpcds,5815
query75.sql,tpcds,21430
query80.sql,tpcds,20806
query111.sql,tpcds,2409
query15.sql,tpcds,2891
query106.sql,tpcds,2065
query79.sql,tpcds,2538
query40.sql,tpcds,5133
query57.sql,tpcds,8906
query110.sql,tpcds,1679
query78.sql,tpcds,22646
query62.sql,tpcds,1918
query127.sql,tpcds,2361
query105.sql,tpcds,1487
query44.sql,tpcds,3439
query1.sql,tpcds,3467
query74.sql,tpcds,24243
query53.sql,tpcds,1557
query46.sql,tpcds,2853
query119.sql,tpcds,2668
query64.sql,tpcds,58891
query85.sql,tpcds,4111
query17.sql,tpcds,26584
query131.sql,tpcds,1428
query112.sql,tpcds,1995
query39.sql,tpcds,-1
query58.sql,tpcds,3306
query36.sql,tpcds,2171
query121.sql,tpcds,1911
query115.sql,tpcds,2279
query20.sql,tpcds,1322
query22.sql,tpcds,2849
query24.sql,tpcds,-1
query49.sql,tpcds,8823
query83.sql,tpcds,2876
query71.sql,tpcds,2507
query108.sql,tpcds,1358
query11.sql,tpcds,27018
query125.sql,tpcds,1707
query5.sql,tpcds,6142
query116.sql,tpcds,2435
query6.sql,tpcds,5609
query92.sql,tpcds,2049
query104.sql,tpcds,762
query88.sql,tpcds,6357
query65.sql,tpcds,5305
query52.sql,tpcds,1021
query130.sql,tpcds,1452
query31.sql,tpcds,8387
query114.sql,tpcds,2417
query54.sql,tpcds,5962
query76.sql,tpcds,2714
query72.sql,tpcds,27330
query18.sql,tpcds,3070
query35.sql,tpcds,5543
query100.sql,tpcds,757
query95.sql,tpcds,11737
query90.sql,tpcds,1774
query7.sql,tpcds,2596
query37.sql,tpcds,2270
query21.sql,tpcds,1958
query93.sql,tpcds,10125
query129.sql,tpcds,1756
query109.sql,tpcds,1365
query126.sql,tpcds,1631
query29.sql,tpcds,13334
query67.sql,tpcds,-1
query50.sql,tpcds,6289
query23.sql,tpcds,-1
query87.sql,tpcds,9797
query10.sql,tpcds,4797
query118.sql,tpcds,2786
query82.sql,tpcds,3223
query117.sql,tpcds,2142
query120.sql,tpcds,1774
query98.sql,tpcds,1858
query122.sql,tpcds,1673
query33.sql,tpcds,3479
query94.sql,tpcds,4831
query9.sql,tpcds,5670
query14.sql,tpcds,-1
query101.sql,tpcds,1244
query42.sql,tpcds,890
query70.sql,tpcds,2779
query73.sql,tpcds,1831
query16.sql,tpcds,6909
query26.sql,tpcds,2501
query32.sql,tpcds,1578
query123.sql,tpcds,2064
query43.sql,tpcds,1461
query99.sql,tpcds,2251
query34.sql,tpcds,2222
query86.sql,tpcds,1716
query25.sql,tpcds,12522
query66.sql,tpcds,4709
query128.sql,tpcds,1519
query102.sql,tpcds,924
query59.sql,tpcds,3698
query107.sql,tpcds,1205
query12.sql,tpcds,1955
query69.sql,tpcds,3358
query124.sql,tpcds,1389
query113.sql,tpcds,1857
query27.sql,tpcds,2398
query38.sql,tpcds,10067
query77.sql,tpcds,27103
query103.sql,tpcds,1093
query19.sql,tpcds,2466
query81.sql,tpcds,6790
query13.sql,tpcds,3202
query48.sql,tpcds,2791
query4.sql,tpcds,45771
query63.sql,tpcds,1670
query91.sql,tpcds,1729
query28.sql,tpcds,8474
query68.sql,tpcds,2804
query55.sql,tpcds,1395
query41.sql,tpcds,451
query61.sql,tpcds,1906
query47.sql,tpcds,15847
query56.sql,tpcds,4152
query51.sql,tpcds,11513
query96.sql,tpcds,853
query3.sql,tpcds,1017
query84.sql,tpcds,2314
query45.sql,tpcds,1594
query60.sql,tpcds,3407
query89.sql,tpcds,1897
query8.sql,tpcds,2364
query2.sql,tpcds,3528
query30.sql,tpcds,-1
query97.sql,tpcds,5573
query75.sql,tpcds,22554
query80.sql,tpcds,22933
query111.sql,tpcds,1448
query15.sql,tpcds,2924
query106.sql,tpcds,1168
query79.sql,tpcds,2385
query40.sql,tpcds,5076
query57.sql,tpcds,9777
query110.sql,tpcds,1564
query78.sql,tpcds,22363
query62.sql,tpcds,1586
query127.sql,tpcds,1711
query105.sql,tpcds,1288
query44.sql,tpcds,2825
query1.sql,tpcds,3403
query74.sql,tpcds,23237
query53.sql,tpcds,1551
query46.sql,tpcds,2783
query119.sql,tpcds,2220
query64.sql,tpcds,59351
query85.sql,tpcds,4112
query17.sql,tpcds,32405
query131.sql,tpcds,1655
query112.sql,tpcds,2162
query39.sql,tpcds,-1
query58.sql,tpcds,4465
query36.sql,tpcds,2716
query121.sql,tpcds,1924
query115.sql,tpcds,2139
query20.sql,tpcds,1319
query22.sql,tpcds,3059
query24.sql,tpcds,-1
query49.sql,tpcds,8573
query83.sql,tpcds,3651
query71.sql,tpcds,2421
query108.sql,tpcds,1438
query11.sql,tpcds,27445
query125.sql,tpcds,1526
query5.sql,tpcds,6601
query116.sql,tpcds,1848
query6.sql,tpcds,6152
query92.sql,tpcds,1976
query104.sql,tpcds,976
query88.sql,tpcds,6127
query65.sql,tpcds,6379
query52.sql,tpcds,1129
query130.sql,tpcds,2009
query31.sql,tpcds,9471
query114.sql,tpcds,2240
query54.sql,tpcds,6033
query76.sql,tpcds,2975
query72.sql,tpcds,25106
query18.sql,tpcds,2992
query35.sql,tpcds,5798
query100.sql,tpcds,1271
query95.sql,tpcds,11077
query90.sql,tpcds,1625
query7.sql,tpcds,2887
query37.sql,tpcds,2445
query21.sql,tpcds,1819
query93.sql,tpcds,10054
query129.sql,tpcds,1683
query109.sql,tpcds,1698
query126.sql,tpcds,1747
query29.sql,tpcds,14234
query67.sql,tpcds,-1
query50.sql,tpcds,6538
query23.sql,tpcds,-1
query87.sql,tpcds,9882
query10.sql,tpcds,4565
query118.sql,tpcds,2221
query82.sql,tpcds,2558
query117.sql,tpcds,1824
query120.sql,tpcds,1901
query98.sql,tpcds,1526
query122.sql,tpcds,1785
query33.sql,tpcds,3410
query94.sql,tpcds,5095
query9.sql,tpcds,4967
query14.sql,tpcds,-1
query101.sql,tpcds,1347
query42.sql,tpcds,1019
query70.sql,tpcds,2912
query73.sql,tpcds,3360
query16.sql,tpcds,6750
query26.sql,tpcds,1722
query32.sql,tpcds,1406
query123.sql,tpcds,2217
query43.sql,tpcds,1655
query99.sql,tpcds,2173
query34.sql,tpcds,2316
query86.sql,tpcds,1787
query25.sql,tpcds,14446
query66.sql,tpcds,5758
query128.sql,tpcds,1733
query102.sql,tpcds,952
query59.sql,tpcds,3973
query107.sql,tpcds,1343
query12.sql,tpcds,1477
query69.sql,tpcds,3617
query124.sql,tpcds,1608
query113.sql,tpcds,2091
query27.sql,tpcds,2362
query38.sql,tpcds,9647
query77.sql,tpcds,28533
query103.sql,tpcds,790
query19.sql,tpcds,2992
query81.sql,tpcds,3620
query13.sql,tpcds,3555
query48.sql,tpcds,3151
query4.sql,tpcds,47805
query63.sql,tpcds,1589
query91.sql,tpcds,1515
query28.sql,tpcds,9231
query68.sql,tpcds,10054
query55.sql,tpcds,1457
query41.sql,tpcds,517
query61.sql,tpcds,1773
query47.sql,tpcds,15170
query56.sql,tpcds,3061
query51.sql,tpcds,11572
query96.sql,tpcds,888
query3.sql,tpcds,917
query84.sql,tpcds,2270
query45.sql,tpcds,1830
query60.sql,tpcds,3644
query89.sql,tpcds,2034
query8.sql,tpcds,2535
query2.sql,tpcds,3426
query30.sql,tpcds,-1
query97.sql,tpcds,5256
query75.sql,tpcds,20672
query80.sql,tpcds,22612
query111.sql,tpcds,1496
query15.sql,tpcds,3016
query106.sql,tpcds,1251
query79.sql,tpcds,2201
query40.sql,tpcds,5523
query57.sql,tpcds,9993
query110.sql,tpcds,1438
query78.sql,tpcds,22614
query62.sql,tpcds,1671
query127.sql,tpcds,1576
query105.sql,tpcds,1743
query44.sql,tpcds,2469
query1.sql,tpcds,4137
query74.sql,tpcds,26897
query53.sql,tpcds,1777
query46.sql,tpcds,2407
query119.sql,tpcds,2592
